,latitude,longitude,cluster_label
0,1.28967,103.85007,26
1,33.040619,-83.643074,29
2,40.38897,-3.74569,4
3,41.85003,-87.65005,13
4,30.58333,114.26667,23
5,41.597782,-72.755371,24
6,37.566,126.9784,20
7,40.298904,-74.521011,6
8,40.298904,-74.521011,6
9,18.38078,-65.95739,17
10,55.75222,37.61556,7
11,33.729759,-111.431221,25
12,40.150032,-111.862434,28
13,40.150032,-111.862434,28
14,51.75222,-1.25596,4
15,29.76328,-95.36327,0
16,31.054487,-97.563461,0
17,31.054487,-97.563461,0
18,31.054487,-97.563461,0
19,29.76328,-95.36327,0
20,39.849426,-86.258278,13
21,43.326618,-84.536095,13
22,29.76328,-95.36327,0
23,29.76328,-95.36327,0
24,29.76328,-95.36327,0
25,31.054487,-97.563461,0
26,33.729759,-111.431221,25
27,25.77427,-80.19366,5
28,29.76328,-95.36327,0
29,31.054487,-97.563461,0
30,21.094318,-157.498337,16
31,33.729759,-111.431221,25
32,36.116203,-119.618564,3
33,31.054487,-97.563461,0
34,31.054487,-97.563461,0
35,33.749,-84.38798,29
36,22.40694,-79.96472,5
37,33.040619,-83.643074,29
38,47.528912,-99.784012,14
39,32.806671,-86.79113,29
40,36.15398,-95.99277,8
41,34.969704,-92.373123,11
42,38.49457,43.38323,7
43,33.95335,-117.39616,15
44,33.95335,-117.39616,15
45,34.05223,-118.24368,15
46,36.116203,-119.618564,3
47,36.116203,-119.618564,3
48,36.116203,-119.618564,3
49,36.116203,-119.618564,3
50,37.919479,-121.951543,3
51,36.74773,-119.77237,3
52,35.346629,-118.729506,3
53,40.635045,-73.95064,6
54,38.051817,-122.745974,3
55,33.95335,-117.39616,15
56,38.58157,-121.4944,3
57,34.10834,-117.28977,15
58,32.71571,-117.16472,15
59,37.77493,-122.41942,3
60,22.40694,-79.96472,5
61,38.525182,-122.92611,3
62,37.562316,-121.002831,3
63,36.116203,-119.618564,3
64,36.116203,-119.618564,3
65,36.116203,-119.618564,3
66,36.116203,-119.618564,3
67,36.116203,-119.618564,3
68,36.116203,-119.618564,3
69,36.116203,-119.618564,3
70,36.116203,-119.618564,3
71,36.116203,-119.618564,3
72,36.116203,-119.618564,3
73,36.116203,-119.618564,3
74,47.60621,-122.33207,10
75,34.05223,-118.24368,15
76,36.116203,-119.618564,3
77,36.116203,-119.618564,3
78,36.116203,-119.618564,3
79,34.05223,-118.24368,15
80,36.116203,-119.618564,3
81,36.116203,-119.618564,3
82,36.116203,-119.618564,3
83,36.116203,-119.618564,3
84,33.729759,-111.431221,25
85,1.28967,103.85007,26
86,1.28967,103.85007,26
87,36.116203,-119.618564,3
88,36.116203,-119.618564,3
89,36.15398,-95.99277,8
90,36.116203,-119.618564,3
91,38.051817,-122.745974,3
92,38.051817,-122.745974,3
93,37.77493,-122.41942,3
94,37.915836,-118.875167,3
95,36.116203,-119.618564,3
96,36.116203,-119.618564,3
97,36.116203,-119.618564,3
98,36.116203,-119.618564,3
99,36.116203,-119.618564,3
100,36.116203,-119.618564,3
101,36.116203,-119.618564,3
102,36.116203,-119.618564,3
103,36.116203,-119.618564,3
104,36.116203,-119.618564,3
105,36.116203,-119.618564,3
106,36.116203,-119.618564,3
107,36.116203,-119.618564,3
108,36.116203,-119.618564,3
109,36.116203,-119.618564,3
110,36.116203,-119.618564,3
111,36.116203,-119.618564,3
112,36.116203,-119.618564,3
113,36.116203,-119.618564,3
114,32.71571,-117.16472,15
115,32.71571,-117.16472,15
116,32.71571,-117.16472,15
117,32.71571,-117.16472,15
118,36.116203,-119.618564,3
119,36.116203,-119.618564,3
120,36.116203,-119.618564,3
121,36.116203,-119.618564,3
122,36.116203,-119.618564,3
123,36.116203,-119.618564,3
124,36.116203,-119.618564,3
125,36.116203,-119.618564,3
126,36.116203,-119.618564,3
127,36.116203,-119.618564,3
128,36.116203,-119.618564,3
129,36.116203,-119.618564,3
130,31.054487,-97.563461,0
131,37.57003,-119.912861,3
132,32.5027,-117.00371,15
133,36.116203,-119.618564,3
134,38.313515,-117.055374,3
135,36.116203,-119.618564,3
136,34.05223,-118.24368,15
137,36.116203,-119.618564,3
138,33.76696,-118.18923,15
139,36.116203,-119.618564,3
140,36.116203,-119.618564,3
141,33.95335,-117.39616,15
142,36.116203,-119.618564,3
143,36.116203,-119.618564,3
144,37.77493,-122.41942,3
145,36.116203,-119.618564,3
146,36.16589,-86.78444,11
147,40.71427,-74.00597,6
148,42.35843,-71.05977,24
149,40.6501,-73.94958,6
150,42.35843,-71.05977,24
151,42.35843,-71.05977,24
152,31.054487,-97.563461,0
153,27.94752,-82.45843,5
154,33.729759,-111.431221,25
155,33.44838,-112.07404,25
156,33.729759,-111.431221,25
157,45.694454,-93.900192,22
158,40.71427,-74.00597,6
159,36.15398,-95.99277,8
160,22.27832,114.17469,1
161,33.729759,-111.431221,25
162,33.44838,-112.07404,25
163,33.729759,-111.431221,25
164,36.15398,-95.99277,8
165,33.729759,-111.431221,25
166,36.116203,-119.618564,3
167,33.729759,-111.431221,25
168,55.75222,37.61556,7
169,45.694454,-93.900192,22
170,45.694454,-93.900192,22
171,36.116203,-119.618564,3
172,33.44838,-112.07404,25
173,47.60621,-122.33207,10
174,22.27832,114.17469,1
175,33.44838,-112.07404,25
176,22.27832,114.17469,1
177,37.66814,-84.670067,2
178,36.116203,-119.618564,3
179,40.590752,-77.209755,6
180,36.15398,-95.99277,8
181,36.15398,-95.99277,8
182,36.15398,-95.99277,8
183,36.15398,-95.99277,8
184,36.15398,-95.99277,8
185,29.76328,-95.36327,0
186,29.76328,-95.36327,0
187,36.15398,-95.99277,8
188,22.40694,-79.96472,5
189,9.02497,38.74689,27
190,41.597782,-72.755371,24
191,36.15398,-95.99277,8
192,39.9075,116.39723,23
193,34.969704,-92.373123,11
194,36.116203,-119.618564,3
195,36.116203,-119.618564,3
196,31.054487,-97.563461,0
197,31.054487,-97.563461,0
198,29.42412,-98.49363,0
199,36.116203,-119.618564,3
200,61.370716,-152.404419,9
201,44.240459,-114.478828,28
202,40.71427,-74.00597,6
203,33.729759,-111.431221,25
204,33.040619,-83.643074,29
205,30.26715,-97.74306,0
206,42.230171,-71.530106,24
207,31.054487,-97.563461,0
208,40.298904,-74.521011,6
209,40.298904,-74.521011,6
210,40.71427,-74.00597,6
211,33.729759,-111.431221,25
212,31.054487,-97.563461,0
213,31.054487,-97.563461,0
214,37.66814,-84.670067,2
215,39.063946,-76.802101,6
216,36.116203,-119.618564,3
217,36.116203,-119.618564,3
218,36.17497,-115.13722,15
219,31.054487,-97.563461,0
220,31.054487,-97.563461,0
221,36.116203,-119.618564,3
222,31.054487,-97.563461,0
223,39.063946,-76.802101,6
224,33.040619,-83.643074,29
225,36.116203,-119.618564,3
226,18.38078,-65.95739,17
227,40.298904,-74.521011,6
228,36.116203,-119.618564,3
229,38.5266,-96.726486,8
230,33.040619,-83.643074,29
231,40.298904,-74.521011,6
232,18.38078,-65.95739,17
233,31.169546,-91.867805,29
234,36.116203,-119.618564,3
235,43.326618,-84.536095,13
236,36.116203,-119.618564,3
237,31.054487,-97.563461,0
238,32.741646,-89.678696,29
239,39.849426,-86.258278,13
240,33.729759,-111.431221,25
241,33.040619,-83.643074,29
242,40.388783,-82.764915,2
243,33.040619,-83.643074,29
244,40.388783,-82.764915,2
245,38.313515,-117.055374,3
246,31.054487,-97.563461,0
247,40.298904,-74.521011,6
248,40.71427,-74.00597,6
249,31.054487,-97.563461,0
250,36.116203,-119.618564,3
251,36.116203,-119.618564,3
252,40.298904,-74.521011,6
253,40.298904,-74.521011,6
254,25.77427,-80.19366,5
255,32.29876,-90.18481,29
256,31.054487,-97.563461,0
257,35.6895,139.69171,20
258,31.054487,-97.563461,0
259,31.054487,-97.563461,0
260,39.9075,116.39723,23
261,39.9075,116.39723,23
262,39.9075,116.39723,23
263,36.116203,-119.618564,3
264,36.116203,-119.618564,3
265,36.116203,-119.618564,3
266,36.116203,-119.618564,3
267,36.116203,-119.618564,3
268,36.116203,-119.618564,3
269,40.590752,-77.209755,6
270,39.73915,-104.9847,19
271,39.73915,-104.9847,19
272,37.33939,-121.89496,3
273,37.77493,-122.41942,3
274,22.40694,-79.96472,5
275,22.40694,-79.96472,5
276,37.77493,-122.41942,3
277,37.77493,-122.41942,3
278,36.15398,-95.99277,8
279,37.6391,-120.99688,3
280,38.58157,-121.4944,3
281,36.116203,-119.618564,3
282,36.74773,-119.77237,3
283,38.58157,-121.4944,3
284,30.69436,-88.04305,29
285,33.95335,-117.39616,15
286,33.95335,-117.39616,15
287,33.95335,-117.39616,15
288,33.95335,-117.39616,15
289,36.116203,-119.618564,3
290,36.116203,-119.618564,3
291,33.44838,-112.07404,25
292,43.326618,-84.536095,13
293,43.326618,-84.536095,13
294,39.063946,-76.802101,6
295,39.063946,-76.802101,6
296,41.85003,-87.65005,13
297,31.054487,-97.563461,0
298,31.054487,-97.563461,0
299,31.054487,-97.563461,0
300,31.054487,-97.563461,0
301,45.694454,-93.900192,22
302,39.95233,-75.16379,6
303,40.590752,-77.209755,6
304,40.469757,-79.980451,2
305,40.44062,-79.99589,2
306,33.040619,-83.643074,29
307,33.040619,-83.643074,29
308,33.87529,-117.56644,15
309,43.326618,-84.536095,13
310,42.33143,-83.04575,2
311,43.326618,-84.536095,13
312,43.326618,-84.536095,13
313,31.054487,-97.563461,0
314,32.78306,-96.80667,0
315,32.78306,-96.80667,0
316,32.78306,-96.80667,0
317,31.054487,-97.563461,0
318,31.054487,-97.563461,0
319,31.054487,-97.563461,0
320,32.78306,-96.80667,0
321,32.78306,-96.80667,0
322,31.054487,-97.563461,0
323,32.78306,-96.80667,0
324,32.78306,-96.80667,0
325,33.194532,-96.579444,0
326,33.194532,-96.579444,0
327,33.194532,-96.579444,0
328,33.194532,-96.579444,0
329,31.054487,-97.563461,0
330,31.054487,-97.563461,0
331,33.01984,-96.69889,0
332,31.054487,-97.563461,0
333,31.054487,-97.563461,0
334,31.054487,-97.563461,0
335,32.78306,-96.80667,0
336,32.78306,-96.80667,0
337,31.054487,-97.563461,0
338,32.78306,-96.80667,0
339,32.78306,-96.80667,0
340,32.78306,-96.80667,0
341,33.19762,-96.61527,0
342,31.054487,-97.563461,0
343,33.19762,-96.61527,0
344,32.78306,-96.80667,0
345,45.694454,-93.900192,22
346,45.694454,-93.900192,22
347,45.694454,-93.900192,22
348,45.694454,-93.900192,22
349,45.694454,-93.900192,22
350,45.694454,-93.900192,22
351,45.694454,-93.900192,22
352,40.8,-96.66696,8
353,45.694454,-93.900192,22
354,45.694454,-93.900192,22
355,45.694454,-93.900192,22
356,45.694454,-93.900192,22
357,45.694454,-93.900192,22
358,45.694454,-93.900192,22
359,45.694454,-93.900192,22
360,45.694454,-93.900192,22
361,45.694454,-93.900192,22
362,45.694454,-93.900192,22
363,45.694454,-93.900192,22
364,45.694454,-93.900192,22
365,45.694454,-93.900192,22
366,45.694454,-93.900192,22
367,45.694454,-93.900192,22
368,45.694454,-93.900192,22
369,45.694454,-93.900192,22
370,45.694454,-93.900192,22
371,45.694454,-93.900192,22
372,44.268543,-89.616508,13
373,45.694454,-93.900192,22
374,44.268543,-89.616508,13
375,45.694454,-93.900192,22
376,40.298904,-74.521011,6
377,41.597782,-72.755371,24
378,40.71427,-74.00597,6
379,51.45625,-0.97113,4
380,25.05823,-77.34306,5
381,40.298904,-74.521011,6
382,40.298904,-74.521011,6
383,41.597782,-72.755371,24
384,40.298904,-74.521011,6
385,41.597782,-72.755371,24
386,40.71427,-74.00597,6
387,51.45625,-0.97113,4
388,25.05823,-77.34306,5
389,40.298904,-74.521011,6
390,40.298904,-74.521011,6
391,41.597782,-72.755371,24
392,33.87529,-117.56644,15
393,40.298904,-74.521011,6
394,40.71427,-74.00597,6
395,60.39299,5.32415,4
396,40.298904,-74.521011,6
397,40.298904,-74.521011,6
398,40.298904,-74.521011,6
399,40.6501,-73.94958,6
400,40.298904,-74.521011,6
401,33.44838,-112.07404,25
402,40.298904,-74.521011,6
403,33.87529,-117.56644,15
404,40.150032,-111.862434,28
405,39.063946,-76.802101,6
406,39.063946,-76.802101,6
407,40.349457,-88.986137,13
408,41.85003,-87.65005,13
409,31.054487,-97.563461,0
410,31.054487,-97.563461,0
411,31.054487,-97.563461,0
412,40.150032,-111.862434,28
413,40.150032,-111.862434,28
414,39.063946,-76.802101,6
415,39.29038,-76.61219,6
416,40.349457,-88.986137,13
417,40.349457,-88.986137,13
418,30.69436,-88.04305,29
419,40.349457,-88.986137,13
420,40.349457,-88.986137,13
421,40.349457,-88.986137,13
422,40.349457,-88.986137,13
423,40.349457,-88.986137,13
424,40.349457,-88.986137,13
425,41.85003,-87.65005,13
426,40.349457,-88.986137,13
427,39.73915,-104.9847,19
428,39.73915,-104.9847,19
429,32.78306,-96.80667,0
430,31.054487,-97.563461,0
431,31.054487,-97.563461,0
432,31.054487,-97.563461,0
433,25.77427,-80.19366,5
434,32.29876,-90.18481,29
435,45.694454,-93.900192,22
436,45.694454,-93.900192,22
437,39.95233,-75.16379,6
438,40.590752,-77.209755,6
439,40.590752,-77.209755,6
440,33.87529,-117.56644,15
441,40.150032,-111.862434,28
442,39.063946,-76.802101,6
443,39.063946,-76.802101,6
444,40.349457,-88.986137,13
445,41.85003,-87.65005,13
446,31.054487,-97.563461,0
447,31.054487,-97.563461,0
448,31.054487,-97.563461,0
449,40.150032,-111.862434,28
450,40.150032,-111.862434,28
451,39.063946,-76.802101,6
452,33.44838,-112.07404,25
453,40.349457,-88.986137,13
454,40.349457,-88.986137,13
455,30.69436,-88.04305,29
456,40.349457,-88.986137,13
457,40.349457,-88.986137,13
458,40.349457,-88.986137,13
459,40.349457,-88.986137,13
460,40.349457,-88.986137,13
461,40.349457,-88.986137,13
462,41.85003,-87.65005,13
463,40.298904,-74.521011,6
464,41.597782,-72.755371,24
465,40.349457,-88.986137,13
466,39.73915,-104.9847,19
467,39.73915,-104.9847,19
468,32.78306,-96.80667,0
469,32.78306,-96.80667,0
470,31.054487,-97.563461,0
471,31.054487,-97.563461,0
472,31.054487,-97.563461,0
473,25.77427,-80.19366,5
474,32.29876,-90.18481,29
475,45.694454,-93.900192,22
476,45.694454,-93.900192,22
477,39.95233,-75.16379,6
478,40.590752,-77.209755,6
479,40.590752,-77.209755,6
480,40.469757,-79.980451,2
481,40.44062,-79.99589,2
482,36.116203,-119.618564,3
483,38.58157,-121.4944,3
484,37.33939,-121.89496,3
485,37.77493,-122.41942,3
486,33.040619,-83.643074,29
487,33.040619,-83.643074,29
488,41.85003,-87.65005,13
489,36.333905,-89.485536,11
490,41.852058,-88.086039,13
491,36.333905,-89.485536,11
492,47.538569,-90.290189,22
493,40.349457,-88.986137,13
494,40.349457,-88.986137,13
495,41.85003,-87.65005,13
496,39.95233,-75.16379,6
497,39.95233,-75.16379,6
498,39.95233,-75.16379,6
499,39.95233,-75.16379,6
500,39.95233,-75.16379,6
501,40.590752,-77.209755,6
502,40.590752,-77.209755,6
503,39.95233,-75.16379,6
504,39.95233,-75.16379,6
505,42.230171,-71.530106,24
506,42.230171,-71.530106,24
507,42.230171,-71.530106,24
508,27.94752,-82.45843,5
509,42.35843,-71.05977,24
510,42.230171,-71.530106,24
511,42.230171,-71.530106,24
512,42.35843,-71.05977,24
513,42.35843,-71.05977,24
514,42.230171,-71.530106,24
515,42.35843,-71.05977,24
516,42.230171,-71.530106,24
517,42.35843,-71.05977,24
518,42.35843,-71.05977,24
519,42.230171,-71.530106,24
520,42.230171,-71.530106,24
521,51.75222,-1.25596,4
522,42.35843,-71.05977,24
523,42.230171,-71.530106,24
524,42.35843,-71.05977,24
525,42.35843,-71.05977,24
526,42.230171,-71.530106,24
527,42.230171,-71.530106,24
528,42.230171,-71.530106,24
529,42.230171,-71.530106,24
530,42.35843,-71.05977,24
531,42.35843,-71.05977,24
532,42.35843,-71.05977,24
533,42.26259,-71.80229,24
534,42.26259,-71.80229,24
535,42.230171,-71.530106,24
536,42.230171,-71.530106,24
537,42.230171,-71.530106,24
538,42.230171,-71.530106,24
539,42.230171,-71.530106,24
540,42.230171,-71.530106,24
541,42.35843,-71.05977,24
542,42.230171,-71.530106,24
543,42.230171,-71.530106,24
544,42.230171,-71.530106,24
545,42.230171,-71.530106,24
546,42.230171,-71.530106,24
547,42.230171,-71.530106,24
548,42.230171,-71.530106,24
549,42.230171,-71.530106,24
550,42.230171,-71.530106,24
551,42.230171,-71.530106,24
552,42.230171,-71.530106,24
553,42.230171,-71.530106,24
554,42.230171,-71.530106,24
555,42.230171,-71.530106,24
556,42.230171,-71.530106,24
557,42.230171,-71.530106,24
558,42.230171,-71.530106,24
559,42.35843,-71.05977,24
560,42.230171,-71.530106,24
561,42.230171,-71.530106,24
562,42.230171,-71.530106,24
563,42.230171,-71.530106,24
564,42.35843,-71.05977,24
565,42.230171,-71.530106,24
566,42.230171,-71.530106,24
567,42.35843,-71.05977,24
568,42.35843,-71.05977,24
569,42.230171,-71.530106,24
570,42.230171,-71.530106,24
571,42.230171,-71.530106,24
572,42.230171,-71.530106,24
573,42.35843,-71.05977,24
574,42.230171,-71.530106,24
575,42.230171,-71.530106,24
576,42.35843,-71.05977,24
577,42.230171,-71.530106,24
578,42.35843,-71.05977,24
579,42.35843,-71.05977,24
580,42.230171,-71.530106,24
581,42.230171,-71.530106,24
582,42.230171,-71.530106,24
583,42.230171,-71.530106,24
584,42.230171,-71.530106,24
585,42.35843,-71.05977,24
586,42.35843,-71.05977,24
587,42.230171,-71.530106,24
588,42.230171,-71.530106,24
589,42.35843,-71.05977,24
590,42.35843,-71.05977,24
591,42.230171,-71.530106,24
592,42.35843,-71.05977,24
593,42.230171,-71.530106,24
594,42.35843,-71.05977,24
595,42.35843,-71.05977,24
596,42.230171,-71.530106,24
597,42.230171,-71.530106,24
598,42.230171,-71.530106,24
599,11.65376,78.15538,18
600,42.230171,-71.530106,24
601,42.35843,-71.05977,24
602,42.230171,-71.530106,24
603,42.35843,-71.05977,24
604,42.35843,-71.05977,24
605,11.65376,78.15538,18
606,42.230171,-71.530106,24
607,42.35843,-71.05977,24
608,42.230171,-71.530106,24
609,42.230171,-71.530106,24
610,42.230171,-71.530106,24
611,42.230171,-71.530106,24
612,42.26259,-71.80229,24
613,42.35843,-71.05977,24
614,42.35843,-71.05977,24
615,43.452492,-71.563896,24
616,43.452492,-71.563896,24
617,42.230171,-71.530106,24
618,42.26259,-71.80229,24
619,42.230171,-71.530106,24
620,42.230171,-71.530106,24
621,42.35843,-71.05977,24
622,42.35843,-71.05977,24
623,42.230171,-71.530106,24
624,42.230171,-71.530106,24
625,42.230171,-71.530106,24
626,42.35843,-71.05977,24
627,42.35843,-71.05977,24
628,42.230171,-71.530106,24
629,42.230171,-71.530106,24
630,42.230171,-71.530106,24
631,42.230171,-71.530106,24
632,42.230171,-71.530106,24
633,42.35843,-71.05977,24
634,42.230171,-71.530106,24
635,42.35843,-71.05977,24
636,42.230171,-71.530106,24
637,42.230171,-71.530106,24
638,42.230171,-71.530106,24
639,42.35843,-71.05977,24
640,42.230171,-71.530106,24
641,42.35843,-71.05977,24
642,42.230171,-71.530106,24
643,42.230171,-71.530106,24
644,42.230171,-71.530106,24
645,43.452492,-71.563896,24
646,43.452492,-71.563896,24
647,31.054487,-97.563461,0
648,33.040619,-83.643074,29
649,33.87529,-117.56644,15
650,27.94752,-82.45843,5
651,27.94752,-82.45843,5
652,31.054487,-97.563461,0
653,33.040619,-83.643074,29
654,37.77493,-122.41942,3
655,37.77493,-122.41942,3
656,22.40694,-79.96472,5
657,22.40694,-79.96472,5
658,37.77493,-122.41942,3
659,36.15398,-95.99277,8
660,37.33939,-121.89496,3
661,33.44838,-112.07404,25
662,40.71427,-74.00597,6
663,36.116203,-119.618564,3
664,33.729759,-111.431221,25
665,33.729759,-111.431221,25
666,31.169546,-91.867805,29
667,41.597782,-72.755371,24
668,40.349457,-88.986137,13
669,40.349457,-88.986137,13
670,41.85003,-87.65005,13
671,41.85003,-87.65005,13
672,40.349457,-88.986137,13
673,40.349457,-88.986137,13
674,39.849426,-86.258278,13
675,41.85003,-87.65005,13
676,41.85003,-87.65005,13
677,40.349457,-88.986137,13
678,40.349457,-88.986137,13
679,40.349457,-88.986137,13
680,41.85003,-87.65005,13
681,41.85003,-87.65005,13
682,40.349457,-88.986137,13
683,40.349457,-88.986137,13
684,39.72943,-104.83192,19
685,41.85003,-87.65005,13
686,41.85003,-87.65005,13
687,41.85003,-87.65005,13
688,47.538569,-90.290189,22
689,39.72943,-104.83192,19
690,36.333905,-89.485536,11
691,41.85003,-87.65005,13
692,40.349457,-88.986137,13
693,40.349457,-88.986137,13
694,41.85003,-87.65005,13
695,36.333905,-89.485536,11
696,40.349457,-88.986137,13
697,40.349457,-88.986137,13
698,41.85003,-87.65005,13
699,41.85003,-87.65005,13
700,36.15398,-95.99277,8
701,39.73915,-104.9847,19
702,39.72943,-104.83192,19
703,39.73915,-104.9847,19
704,39.72943,-104.83192,19
705,39.73915,-104.9847,19
706,39.73915,-104.9847,19
707,39.861156,-105.528878,19
708,40.71427,-74.00597,6
709,39.73915,-104.9847,19
710,47.60621,-122.33207,10
711,47.60621,-122.33207,10
712,47.60621,-122.33207,10
713,47.60621,-122.33207,10
714,47.60621,-122.33207,10
715,47.490599,-121.833996,10
716,47.60621,-122.33207,10
717,47.60621,-122.33207,10
718,47.490599,-121.833996,10
719,47.60621,-122.33207,10
720,47.60621,-122.33207,10
721,47.60621,-122.33207,10
722,38.988877,-80.495477,2
723,47.60621,-122.33207,10
724,47.60621,-122.33207,10
725,40.71427,-74.00597,6
726,47.60621,-122.33207,10
727,30.58333,114.26667,23
728,30.58333,114.26667,23
729,48.070464,-121.936784,10
730,47.60621,-122.33207,10
731,47.60621,-122.33207,10
732,47.60621,-122.33207,10
733,47.490599,-121.833996,10
734,36.365,6.61472,4
735,31.054487,-97.563461,0
736,47.60621,-122.33207,10
737,47.60621,-122.33207,10
738,48.070464,-121.936784,10
739,48.070464,-121.936784,10
740,47.60621,-122.33207,10
741,31.054487,-97.563461,0
742,40.71427,-74.00597,6
743,31.169546,-91.867805,29
744,32.806671,-86.79113,29
745,47.60621,-122.33207,10
746,47.60621,-122.33207,10
747,47.60621,-122.33207,10
748,47.60621,-122.33207,10
749,47.60621,-122.33207,10
750,47.60621,-122.33207,10
751,-32.94682,-60.63932,21
752,25.67678,-100.25646,0
753,47.490599,-121.833996,10
754,31.054487,-97.563461,0
755,47.60621,-122.33207,10
756,30.58333,114.26667,23
757,61.370716,-152.404419,9
758,36.116203,-119.618564,3
759,34.05223,-118.24368,15
760,36.116203,-119.618564,3
761,36.116203,-119.618564,3
762,36.116203,-119.618564,3
763,38.051817,-122.745974,3
764,37.77493,-122.41942,3
765,36.116203,-119.618564,3
766,36.116203,-119.618564,3
767,37.33939,-121.89496,3
768,37.33939,-121.89496,3
769,22.40694,-79.96472,5
770,22.40694,-79.96472,5
771,37.77493,-122.41942,3
772,37.77493,-122.41942,3
773,36.116203,-119.618564,3
774,36.116203,-119.618564,3
775,36.116203,-119.618564,3
776,36.116203,-119.618564,3
777,36.116203,-119.618564,3
778,36.116203,-119.618564,3
779,37.919479,-121.951543,3
780,37.919479,-121.951543,3
781,37.33939,-121.89496,3
782,36.116203,-119.618564,3
783,36.116203,-119.618564,3
784,36.116203,-119.618564,3
785,36.116203,-119.618564,3
786,33.040619,-83.643074,29
787,61.370716,-152.404419,9
788,34.969704,-92.373123,11
789,21.094318,-157.498337,16
790,44.240459,-114.478828,28
791,42.011539,-93.210526,8
792,38.5266,-96.726486,8
793,31.169546,-91.867805,29
794,44.693947,-69.381927,24
795,38.456085,-92.288368,8
796,40.298904,-74.521011,6
797,18.38078,-65.95739,17
798,47.528912,-99.784012,14
799,33.040619,-83.643074,29
800,33.040619,-83.643074,29
801,22.40694,-79.96472,5
802,36.116203,-119.618564,3
803,33.729759,-111.431221,25
804,33.44838,-112.07404,25
805,36.116203,-119.618564,3
806,36.116203,-119.618564,3
807,38.71667,-9.13333,4
808,36.116203,-119.618564,3
809,22.40694,-79.96472,5
810,22.40694,-79.96472,5
811,22.40694,-79.96472,5
812,40.6501,-73.94958,6
813,40.298904,-74.521011,6
814,40.298904,-74.521011,6
815,40.298904,-74.521011,6
816,41.597782,-72.755371,24
817,40.298904,-74.521011,6
818,41.597782,-72.755371,24
819,41.597782,-72.755371,24
820,40.298904,-74.521011,6
821,40.298904,-74.521011,6
822,33.729759,-111.431221,25
823,40.298904,-74.521011,6
824,40.298904,-74.521011,6
825,40.298904,-74.521011,6
826,40.298904,-74.521011,6
827,40.6501,-73.94958,6
828,40.298904,-74.521011,6
829,40.72816,-74.07764,6
830,40.73566,-74.17237,6
831,40.93121,-73.89875,6
832,40.78343,-73.96625,6
833,40.298904,-74.521011,6
834,31.054487,-97.563461,0
835,31.054487,-97.563461,0
836,33.729759,-111.431221,25
837,33.729759,-111.431221,25
838,36.116203,-119.618564,3
839,36.116203,-119.618564,3
840,36.116203,-119.618564,3
841,35.346629,-118.729506,3
842,34.10834,-117.28977,15
843,33.95335,-117.39616,15
844,34.05223,-118.24368,15
845,40.590752,-77.209755,6
846,36.116203,-119.618564,3
847,36.116203,-119.618564,3
848,36.116203,-119.618564,3
849,40.6501,-73.94958,6
850,40.298904,-74.521011,6
851,40.298904,-74.521011,6
852,40.298904,-74.521011,6
853,40.298904,-74.521011,6
854,41.597782,-72.755371,24
855,40.298904,-74.521011,6
856,41.597782,-72.755371,24
857,41.597782,-72.755371,24
858,40.298904,-74.521011,6
859,40.298904,-74.521011,6
860,33.729759,-111.431221,25
861,40.298904,-74.521011,6
862,40.298904,-74.521011,6
863,40.298904,-74.521011,6
864,40.298904,-74.521011,6
865,40.6501,-73.94958,6
866,40.298904,-74.521011,6
867,40.72816,-74.07764,6
868,40.73566,-74.17237,6
869,40.93121,-73.89875,6
870,40.78343,-73.96625,6
871,40.298904,-74.521011,6
872,31.054487,-97.563461,0
873,31.054487,-97.563461,0
874,33.729759,-111.431221,25
875,33.729759,-111.431221,25
876,40.298904,-74.521011,6
877,36.15398,-95.99277,8
878,36.116203,-119.618564,3
879,36.116203,-119.618564,3
880,36.116203,-119.618564,3
881,35.346629,-118.729506,3
882,34.10834,-117.28977,15
883,33.95335,-117.39616,15
884,34.05223,-118.24368,15
885,40.590752,-77.209755,6
886,36.116203,-119.618564,3
887,36.116203,-119.618564,3
888,36.116203,-119.618564,3
889,39.09973,-94.57857,8
890,32.806671,-86.79113,29
891,44.299782,-99.438828,14
892,36.116203,-119.618564,3
893,36.116203,-119.618564,3
894,36.116203,-119.618564,3
895,28.53834,-81.37924,5
896,36.116203,-119.618564,3
897,36.116203,-119.618564,3
898,34.10834,-117.28977,15
899,33.95335,-117.39616,15
900,36.116203,-119.618564,3
901,36.116203,-119.618564,3
902,36.116203,-119.618564,3
903,36.116203,-119.618564,3
904,33.95335,-117.39616,15
905,41.85003,-87.65005,13
906,40.349457,-88.986137,13
907,41.85003,-87.65005,13
908,40.349457,-88.986137,13
909,31.054487,-97.563461,0
910,40.349457,-88.986137,13
911,40.349457,-88.986137,13
912,36.116203,-119.618564,3
913,36.116203,-119.618564,3
914,36.116203,-119.618564,3
915,42.911532,-71.723055,24
916,31.054487,-97.563461,0
917,27.94752,-82.45843,5
918,27.94752,-82.45843,5
919,27.94752,-82.45843,5
920,27.94752,-82.45843,5
921,39.72943,-104.83192,19
922,39.73915,-104.9847,19
923,41.4995,-81.69541,2
924,40.388783,-82.764915,2
925,40.388783,-82.764915,2
926,40.388783,-82.764915,2
927,31.054487,-97.563461,0
928,31.054487,-97.563461,0
929,31.054487,-97.563461,0
930,39.297508,-120.771343,3
931,38.679596,-121.902441,3
932,38.313515,-117.055374,3
933,18.38078,-65.95739,17
934,35.789846,-78.650624,2
935,31.054487,-97.563461,0
936,31.054487,-97.563461,0
937,18.38078,-65.95739,17
938,32.71571,-117.16472,15
939,31.054487,-97.563461,0
940,40.150032,-111.862434,28
941,40.150032,-111.862434,28
942,40.150032,-111.862434,28
943,39.09973,-94.57857,8
944,39.09973,-94.57857,8
945,39.09973,-94.57857,8
946,39.09973,-94.57857,8
947,39.09973,-94.57857,8
948,39.09973,-94.57857,8
949,39.09973,-94.57857,8
950,39.09973,-94.57857,8
951,39.09973,-94.57857,8
952,39.09973,-94.57857,8
953,39.09973,-94.57857,8
954,31.054487,-97.563461,0
955,31.054487,-97.563461,0
956,30.791242,-96.984395,0
957,31.196731,-98.240889,0
958,30.266456,-98.399217,0
959,36.701721,-83.130112,2
960,30.325091,-98.941851,0
961,30.707584,-98.68469,0
962,38.030933,-81.086051,2
963,30.78963,-98.201187,0
964,30.100772,-97.310639,0
965,30.239513,-97.69127,0
966,30.649082,-97.605065,0
967,30.26715,-97.74306,0
968,30.26715,-97.74306,0
969,30.26715,-97.74306,0
970,30.26715,-97.74306,0
971,30.649082,-97.605065,0
972,30.26715,-97.74306,0
973,31.054487,-97.563461,0
974,40.590752,-77.209755,6
975,40.590752,-77.209755,6
976,34.69804,-118.13674,15
977,40.590752,-77.209755,6
978,40.590752,-77.209755,6
979,32.806671,-86.79113,29
980,32.806671,-86.79113,29
981,31.054487,-97.563461,0
982,32.806671,-86.79113,29
983,32.806671,-86.79113,29
984,32.806671,-86.79113,29
985,32.806671,-86.79113,29
986,52.48142,-1.89983,4
987,31.054487,-97.563461,0
988,31.054487,-97.563461,0
989,31.054487,-97.563461,0
990,31.054487,-97.563461,0
991,43.326618,-84.536095,13
992,43.326618,-84.536095,13
993,31.169546,-91.867805,29
994,31.169546,-91.867805,29
995,31.169546,-91.867805,29
996,31.169546,-91.867805,29
997,35.14953,-90.04898,11
998,35.747845,-86.692345,11
999,35.14953,-90.04898,11
1000,32.741646,-89.678696,29
1001,35.747845,-86.692345,11
1002,34.969704,-92.373123,11
1003,43.456731,-78.792142,6
1004,43.456731,-78.792142,6
1005,40.71427,-74.00597,6
1006,44.299782,-99.438828,14
1007,44.299782,-99.438828,14
1008,44.299782,-99.438828,14
1009,44.299782,-99.438828,14
1010,44.299782,-99.438828,14
1011,40.71427,-74.00597,6
1012,57.14369,-2.09814,4
1013,40.388783,-82.764915,2
1014,36.116203,-119.618564,3
1015,36.116203,-119.618564,3
1016,34.05223,-118.24368,15
1017,36.116203,-119.618564,3
1018,36.116203,-119.618564,3
1019,36.116203,-119.618564,3
1020,34.05223,-118.24368,15
1021,37.80437,-122.2708,3
1022,37.77493,-122.41942,3
1023,36.116203,-119.618564,3
1024,36.116203,-119.618564,3
1025,36.116203,-119.618564,3
1026,36.116203,-119.618564,3
1027,34.05223,-118.24368,15
1028,36.116203,-119.618564,3
1029,36.116203,-119.618564,3
1030,36.116203,-119.618564,3
1031,36.116203,-119.618564,3
1032,35.346629,-118.729506,3
1033,34.05223,-118.24368,15
1034,34.10834,-117.28977,15
1035,33.95335,-117.39616,15
1036,40.590752,-77.209755,6
1037,36.116203,-119.618564,3
1038,36.116203,-119.618564,3
1039,36.116203,-119.618564,3
1040,39.09973,-94.57857,8
1041,32.806671,-86.79113,29
1042,44.299782,-99.438828,14
1043,36.116203,-119.618564,3
1044,36.116203,-119.618564,3
1045,36.116203,-119.618564,3
1046,28.53834,-81.37924,5
1047,36.116203,-119.618564,3
1048,36.116203,-119.618564,3
1049,33.95335,-117.39616,15
1050,34.10834,-117.28977,15
1051,33.95335,-117.39616,15
1052,36.116203,-119.618564,3
1053,36.116203,-119.618564,3
1054,36.116203,-119.618564,3
1055,36.116203,-119.618564,3
1056,41.85003,-87.65005,13
1057,40.349457,-88.986137,13
1058,41.85003,-87.65005,13
1059,40.349457,-88.986137,13
1060,31.054487,-97.563461,0
1061,31.054487,-97.563461,0
1062,40.349457,-88.986137,13
1063,31.054487,-97.563461,0
1064,36.116203,-119.618564,3
1065,36.116203,-119.618564,3
1066,31.054487,-97.563461,0
1067,42.911532,-71.723055,24
1068,27.94752,-82.45843,5
1069,27.94752,-82.45843,5
1070,27.94752,-82.45843,5
1071,27.94752,-82.45843,5
1072,39.72943,-104.83192,19
1073,39.73915,-104.9847,19
1074,41.4995,-81.69541,2
1075,40.388783,-82.764915,2
1076,40.388783,-82.764915,2
1077,40.388783,-82.764915,2
1078,31.054487,-97.563461,0
1079,31.054487,-97.563461,0
1080,31.054487,-97.563461,0
1081,39.297508,-120.771343,3
1082,38.679596,-121.902441,3
1083,18.38078,-65.95739,17
1084,35.789846,-78.650624,2
1085,35.99403,-78.89862,2
1086,31.054487,-97.563461,0
1087,31.054487,-97.563461,0
1088,18.38078,-65.95739,17
1089,32.71571,-117.16472,15
1090,31.054487,-97.563461,0
1091,40.150032,-111.862434,28
1092,40.150032,-111.862434,28
1093,39.09973,-94.57857,8
1094,39.09973,-94.57857,8
1095,39.09973,-94.57857,8
1096,39.09973,-94.57857,8
1097,39.09973,-94.57857,8
1098,39.09973,-94.57857,8
1099,39.09973,-94.57857,8
1100,39.09973,-94.57857,8
1101,39.09973,-94.57857,8
1102,39.09973,-94.57857,8
1103,39.09973,-94.57857,8
1104,31.054487,-97.563461,0
1105,31.054487,-97.563461,0
1106,30.791242,-96.984395,0
1107,31.196731,-98.240889,0
1108,30.266456,-98.399217,0
1109,36.701721,-83.130112,2
1110,30.325091,-98.941851,0
1111,30.707584,-98.68469,0
1112,38.030933,-81.086051,2
1113,30.78963,-98.201187,0
1114,30.100772,-97.310639,0
1115,30.239513,-97.69127,0
1116,30.649082,-97.605065,0
1117,30.26715,-97.74306,0
1118,30.26715,-97.74306,0
1119,30.26715,-97.74306,0
1120,30.26715,-97.74306,0
1121,30.649082,-97.605065,0
1122,30.26715,-97.74306,0
1123,31.054487,-97.563461,0
1124,40.590752,-77.209755,6
1125,40.590752,-77.209755,6
1126,34.69804,-118.13674,15
1127,40.590752,-77.209755,6
1128,40.590752,-77.209755,6
1129,32.806671,-86.79113,29
1130,32.806671,-86.79113,29
1131,31.054487,-97.563461,0
1132,32.806671,-86.79113,29
1133,32.806671,-86.79113,29
1134,32.806671,-86.79113,29
1135,31.054487,-97.563461,0
1136,31.054487,-97.563461,0
1137,31.054487,-97.563461,0
1138,31.054487,-97.563461,0
1139,43.326618,-84.536095,13
1140,43.326618,-84.536095,13
1141,31.169546,-91.867805,29
1142,31.169546,-91.867805,29
1143,31.169546,-91.867805,29
1144,31.169546,-91.867805,29
1145,35.14953,-90.04898,11
1146,35.747845,-86.692345,11
1147,35.14953,-90.04898,11
1148,32.741646,-89.678696,29
1149,35.747845,-86.692345,11
1150,34.969704,-92.373123,11
1151,43.456731,-78.792142,6
1152,43.456731,-78.792142,6
1153,36.116203,-119.618564,3
1154,36.116203,-119.618564,3
1155,34.05223,-118.24368,15
1156,36.116203,-119.618564,3
1157,36.116203,-119.618564,3
1158,36.116203,-119.618564,3
1159,34.05223,-118.24368,15
1160,37.80437,-122.2708,3
1161,37.77493,-122.41942,3
1162,36.116203,-119.618564,3
1163,36.116203,-119.618564,3
1164,36.116203,-119.618564,3
1165,36.116203,-119.618564,3
1166,34.05223,-118.24368,15
1167,36.116203,-119.618564,3
1168,31.054487,-97.563461,0
1169,37.919479,-121.951543,3
1170,36.74773,-119.77237,3
1171,35.346629,-118.729506,3
1172,40.635045,-73.95064,6
1173,38.051817,-122.745974,3
1174,33.95335,-117.39616,15
1175,38.58157,-121.4944,3
1176,34.10834,-117.28977,15
1177,32.71571,-117.16472,15
1178,37.77493,-122.41942,3
1179,22.40694,-79.96472,5
1180,38.525182,-122.92611,3
1181,37.562316,-121.002831,3
1182,36.116203,-119.618564,3
1183,36.116203,-119.618564,3
1184,36.116203,-119.618564,3
1185,36.116203,-119.618564,3
1186,36.116203,-119.618564,3
1187,36.116203,-119.618564,3
1188,36.116203,-119.618564,3
1189,36.116203,-119.618564,3
1190,36.116203,-119.618564,3
1191,36.116203,-119.618564,3
1192,36.116203,-119.618564,3
1193,25.61058,-80.497099,5
1194,31.054487,-97.563461,0
1195,38.58157,-121.4944,3
1196,32.806671,-86.79113,29
1197,44.299782,-99.438828,14
1198,31.054487,-97.563461,0
1199,27.94752,-82.45843,5
1200,44.299782,-99.438828,14
1201,44.299782,-99.438828,14
1202,44.299782,-99.438828,14
1203,44.299782,-99.438828,14
1204,40.71427,-74.00597,6
1205,57.14369,-2.09814,4
1206,40.388783,-82.764915,2
1207,47.528912,-99.784012,14
1208,47.528912,-99.784012,14
1209,47.528912,-99.784012,14
1210,36.116203,-119.618564,3
1211,36.07264,-79.79198,2
1212,37.88738,41.13221,7
1213,34.09834,-118.32674,15
1214,34.09834,-118.32674,15
1215,33.729759,-111.431221,25
1216,34.09834,-118.32674,15
1217,34.05223,-118.24368,15
1218,34.09834,-118.32674,15
1219,34.05223,-118.24368,15
1220,49.24966,-123.11934,10
1221,40.349457,-88.986137,13
1222,40.349457,-88.986137,13
1223,41.85003,-87.65005,13
1224,40.349457,-88.986137,13
1225,41.85003,-87.65005,13
1226,41.85003,-87.65005,13
1227,41.85003,-87.65005,13
1228,41.85003,-87.65005,13
1229,40.349457,-88.986137,13
1230,40.71427,-74.00597,6
1231,36.116203,-119.618564,3
1232,41.85003,-87.65005,13
1233,41.85003,-87.65005,13
1234,31.054487,-97.563461,0
1235,35.747845,-86.692345,11
1236,41.85003,-87.65005,13
1237,27.94752,-82.45843,5
1238,27.94752,-82.45843,5
1239,31.054487,-97.563461,0
1240,36.116203,-119.618564,3
1241,35.08449,-106.65114,19
1242,31.054487,-97.563461,0
1243,31.054487,-97.563461,0
1244,38.58157,-121.4944,3
1245,38.58157,-121.4944,3
1246,31.054487,-97.563461,0
1247,52.48142,-1.89983,4
1248,41.85003,-87.65005,13
1249,41.85003,-87.65005,13
1250,40.349457,-88.986137,13
1251,40.349457,-88.986137,13
1252,40.349457,-88.986137,13
1253,40.349457,-88.986137,13
1254,36.116203,-119.618564,3
1255,40.349457,-88.986137,13
1256,40.349457,-88.986137,13
1257,40.349457,-88.986137,13
1258,40.349457,-88.986137,13
1259,41.85003,-87.65005,13
1260,40.349457,-88.986137,13
1261,40.349457,-88.986137,13
1262,40.349457,-88.986137,13
1263,41.85003,-87.65005,13
1264,41.85003,-87.65005,13
1265,40.349457,-88.986137,13
1266,40.349457,-88.986137,13
1267,40.349457,-88.986137,13
1268,41.85003,-87.65005,13
1269,40.349457,-88.986137,13
1270,41.85003,-87.65005,13
1271,36.333905,-89.485536,11
1272,40.349457,-88.986137,13
1273,47.538569,-90.290189,22
1274,36.333905,-89.485536,11
1275,40.349457,-88.986137,13
1276,40.349457,-88.986137,13
1277,41.85003,-87.65005,13
1278,40.349457,-88.986137,13
1279,40.349457,-88.986137,13
1280,36.333905,-89.485536,11
1281,47.538569,-90.290189,22
1282,41.85003,-87.65005,13
1283,41.85003,-87.65005,13
1284,41.85003,-87.65005,13
1285,47.538569,-90.290189,22
1286,39.849426,-86.258278,13
1287,41.85003,-87.65005,13
1288,41.85003,-87.65005,13
1289,47.538569,-90.290189,22
1290,40.349457,-88.986137,13
1291,41.85003,-87.65005,13
1292,40.349457,-88.986137,13
1293,41.85003,-87.65005,13
1294,40.349457,-88.986137,13
1295,40.349457,-88.986137,13
1296,40.349457,-88.986137,13
1297,40.349457,-88.986137,13
1298,40.349457,-88.986137,13
1299,40.349457,-88.986137,13
1300,40.349457,-88.986137,13
1301,41.85003,-87.65005,13
1302,40.349457,-88.986137,13
1303,40.349457,-88.986137,13
1304,40.349457,-88.986137,13
1305,40.349457,-88.986137,13
1306,40.349457,-88.986137,13
1307,40.349457,-88.986137,13
1308,41.85003,-87.65005,13
1309,41.85003,-87.65005,13
1310,40.349457,-88.986137,13
1311,40.349457,-88.986137,13
1312,41.85003,-87.65005,13
1313,40.71427,-74.00597,6
1314,40.349457,-88.986137,13
1315,40.349457,-88.986137,13
1316,41.85003,-87.65005,13
1317,40.349457,-88.986137,13
1318,36.15398,-95.99277,8
1319,40.349457,-88.986137,13
1320,40.349457,-88.986137,13
1321,40.349457,-88.986137,13
1322,36.15398,-95.99277,8
1323,41.85003,-87.65005,13
1324,40.349457,-88.986137,13
1325,47.538569,-90.290189,22
1326,40.349457,-88.986137,13
1327,41.85003,-87.65005,13
1328,41.85003,-87.65005,13
1329,40.349457,-88.986137,13
1330,40.349457,-88.986137,13
1331,41.85003,-87.65005,13
1332,41.85003,-87.65005,13
1333,41.85003,-87.65005,13
1334,47.538569,-90.290189,22
1335,41.85003,-87.65005,13
1336,47.538569,-90.290189,22
1337,41.85003,-87.65005,13
1338,40.349457,-88.986137,13
1339,41.85003,-87.65005,13
1340,40.349457,-88.986137,13
1341,47.538569,-90.290189,22
1342,41.85003,-87.65005,13
1343,41.85003,-87.65005,13
1344,40.349457,-88.986137,13
1345,41.85003,-87.65005,13
1346,41.85003,-87.65005,13
1347,41.85003,-87.65005,13
1348,41.85003,-87.65005,13
1349,40.349457,-88.986137,13
1350,40.349457,-88.986137,13
1351,41.85003,-87.65005,13
1352,41.85003,-87.65005,13
1353,47.538569,-90.290189,22
1354,41.85003,-87.65005,13
1355,40.349457,-88.986137,13
1356,47.538569,-90.290189,22
1357,40.349457,-88.986137,13
1358,40.349457,-88.986137,13
1359,40.349457,-88.986137,13
1360,41.85003,-87.65005,13
1361,32.29876,-90.18481,29
1362,41.85003,-87.65005,13
1363,41.85003,-87.65005,13
1364,40.349457,-88.986137,13
1365,41.85003,-87.65005,13
1366,41.85003,-87.65005,13
1367,41.85003,-87.65005,13
1368,40.349457,-88.986137,13
1369,41.85003,-87.65005,13
1370,40.349457,-88.986137,13
1371,40.349457,-88.986137,13
1372,40.349457,-88.986137,13
1373,40.349457,-88.986137,13
1374,40.349457,-88.986137,13
1375,40.349457,-88.986137,13
1376,40.349457,-88.986137,13
1377,40.349457,-88.986137,13
1378,40.349457,-88.986137,13
1379,40.349457,-88.986137,13
1380,40.349457,-88.986137,13
1381,40.349457,-88.986137,13
1382,40.349457,-88.986137,13
1383,40.349457,-88.986137,13
1384,41.85003,-87.65005,13
1385,33.87529,-117.56644,15
1386,40.349457,-88.986137,13
1387,40.349457,-88.986137,13
1388,41.85003,-87.65005,13
1389,40.349457,-88.986137,13
1390,41.85003,-87.65005,13
1391,41.85003,-87.65005,13
1392,41.85003,-87.65005,13
1393,41.85003,-87.65005,13
1394,41.85003,-87.65005,13
1395,40.349457,-88.986137,13
1396,40.349457,-88.986137,13
1397,41.85003,-87.65005,13
1398,47.538569,-90.290189,22
1399,41.85003,-87.65005,13
1400,41.85003,-87.65005,13
1401,41.85003,-87.65005,13
1402,41.85003,-87.65005,13
1403,40.349457,-88.986137,13
1404,47.538569,-90.290189,22
1405,40.349457,-88.986137,13
1406,36.116203,-119.618564,3
1407,41.85003,-87.65005,13
1408,40.298904,-74.521011,6
1409,31.054487,-97.563461,0
1410,31.054487,-97.563461,0
1411,43.326618,-84.536095,13
1412,31.054487,-97.563461,0
1413,61.370716,-152.404419,9
1414,31.054487,-97.563461,0
1415,33.95335,-117.39616,15
1416,31.054487,-97.563461,0
1417,31.054487,-97.563461,0
1418,31.054487,-97.563461,0
1419,36.116203,-119.618564,3
1420,40.298904,-74.521011,6
1421,31.054487,-97.563461,0
1422,36.116203,-119.618564,3
1423,31.054487,-97.563461,0
1424,61.370716,-152.404419,9
1425,40.298904,-74.521011,6
1426,31.054487,-97.563461,0
1427,36.116203,-119.618564,3
1428,36.15398,-95.99277,8
1429,32.71571,-117.16472,15
1430,37.33939,-121.89496,3
1431,22.40694,-79.96472,5
1432,37.33939,-121.89496,3
1433,22.40694,-79.96472,5
1434,22.40694,-79.96472,5
1435,22.40694,-79.96472,5
1436,37.77493,-122.41942,3
1437,37.77493,-122.41942,3
1438,37.77493,-122.41942,3
1439,37.919479,-121.951543,3
1440,14.31222,121.11139,1
1441,38.525182,-122.92611,3
1442,38.525182,-122.92611,3
1443,38.313515,-117.055374,3
1444,33.95335,-117.39616,15
1445,33.729759,-111.431221,25
1446,33.729759,-111.431221,25
1447,33.95335,-117.39616,15
1448,34.05223,-118.24368,15
1449,32.71571,-117.16472,15
1450,36.116203,-119.618564,3
1451,36.116203,-119.618564,3
1452,32.71571,-117.16472,15
1453,31.054487,-97.563461,0
1454,31.054487,-97.563461,0
1455,31.054487,-97.563461,0
1456,30.791242,-96.984395,0
1457,31.196731,-98.240889,0
1458,30.266456,-98.399217,0
1459,36.701721,-83.130112,2
1460,30.325091,-98.941851,0
1461,30.707584,-98.68469,0
1462,38.030933,-81.086051,2
1463,30.78963,-98.201187,0
1464,30.100772,-97.310639,0
1465,30.239513,-97.69127,0
1466,30.649082,-97.605065,0
1467,30.26715,-97.74306,0
1468,30.26715,-97.74306,0
1469,30.26715,-97.74306,0
1470,30.26715,-97.74306,0
1471,31.054487,-97.563461,0
1472,30.649082,-97.605065,0
1473,31.054487,-97.563461,0
1474,30.26715,-97.74306,0
1475,30.26715,-97.74306,0
1476,30.26715,-97.74306,0
1477,30.26715,-97.74306,0
1478,30.26715,-97.74306,0
1479,31.054487,-97.563461,0
1480,31.054487,-97.563461,0
1481,38.030933,-81.086051,2
1482,31.054487,-97.563461,0
1483,30.239513,-97.69127,0
1484,30.266456,-98.399217,0
1485,30.78963,-98.201187,0
1486,30.707584,-98.68469,0
1487,30.26715,-97.74306,0
1488,30.649082,-97.605065,0
1489,30.649082,-97.605065,0
1490,28.77476,-96.001532,0
1491,30.26715,-97.74306,0
1492,30.26715,-97.74306,0
1493,31.054487,-97.563461,0
1494,30.26715,-97.74306,0
1495,30.26715,-97.74306,0
1496,30.26715,-97.74306,0
1497,31.054487,-97.563461,0
1498,30.26715,-97.74306,0
1499,31.054487,-97.563461,0
1500,30.26715,-97.74306,0
1501,30.26715,-97.74306,0
1502,30.26715,-97.74306,0
1503,30.26715,-97.74306,0
1504,30.26715,-97.74306,0
1505,31.054487,-97.563461,0
1506,31.054487,-97.563461,0
1507,31.054487,-97.563461,0
1508,31.054487,-97.563461,0
1509,30.26715,-97.74306,0
1510,30.26715,-97.74306,0
1511,31.054487,-97.563461,0
1512,30.26715,-97.74306,0
1513,31.054487,-97.563461,0
1514,30.26715,-97.74306,0
1515,30.649082,-97.605065,0
1516,30.649082,-97.605065,0
1517,31.054487,-97.563461,0
1518,31.054487,-97.563461,0
1519,37.77493,-122.41942,3
1520,31.054487,-97.563461,0
1521,36.116203,-119.618564,3
1522,36.116203,-119.618564,3
1523,31.054487,-97.563461,0
1524,31.054487,-97.563461,0
1525,37.54827,-121.98857,3
1526,36.116203,-119.618564,3
1527,36.116203,-119.618564,3
1528,36.116203,-119.618564,3
1529,36.116203,-119.618564,3
1530,14.31222,121.11139,1
1531,39.062032,-120.722718,3
1532,42.230171,-71.530106,24
1533,42.230171,-71.530106,24
1534,42.230171,-71.530106,24
1535,42.230171,-71.530106,24
1536,42.230171,-71.530106,24
1537,42.35843,-71.05977,24
1538,42.230171,-71.530106,24
1539,42.230171,-71.530106,24
1540,42.230171,-71.530106,24
1541,45.694454,-93.900192,22
1542,45.694454,-93.900192,22
1543,45.694454,-93.900192,22
1544,39.9075,116.39723,23
1545,45.694454,-93.900192,22
1546,45.694454,-93.900192,22
1547,33.87529,-117.56644,15
1548,31.054487,-97.563461,0
1549,31.054487,-97.563461,0
1550,32.772119,-97.291224,0
1551,31.054487,-97.563461,0
1552,31.054487,-97.563461,0
1553,32.772119,-97.291224,0
1554,31.054487,-97.563461,0
1555,31.054487,-97.563461,0
1556,32.772119,-97.291224,0
1557,32.78306,-96.80667,0
1558,32.78306,-96.80667,0
1559,31.054487,-97.563461,0
1560,32.78306,-96.80667,0
1561,32.78306,-96.80667,0
1562,32.772119,-97.291224,0
1563,32.72541,-97.32085,0
1564,32.78306,-96.80667,0
1565,32.71571,-117.16472,15
1566,32.71571,-117.16472,15
1567,33.42227,-111.82264,25
1568,32.71571,-117.16472,15
1569,32.71571,-117.16472,15
1570,32.71571,-117.16472,15
1571,33.19587,-117.37948,15
1572,32.71571,-117.16472,15
1573,36.116203,-119.618564,3
1574,32.71571,-117.16472,15
1575,36.116203,-119.618564,3
1576,32.71571,-117.16472,15
1577,32.71571,-117.16472,15
1578,32.71571,-117.16472,15
1579,32.71571,-117.16472,15
1580,32.71571,-117.16472,15
1581,32.71571,-117.16472,15
1582,32.71571,-117.16472,15
1583,32.71571,-117.16472,15
1584,36.116203,-119.618564,3
1585,32.71571,-117.16472,15
1586,32.71571,-117.16472,15
1587,31.054487,-97.563461,0
1588,32.71571,-117.16472,15
1589,32.71571,-117.16472,15
1590,32.71571,-117.16472,15
1591,39.063946,-76.802101,6
1592,32.71571,-117.16472,15
1593,33.19587,-117.37948,15
1594,33.19587,-117.37948,15
1595,33.19587,-117.37948,15
1596,22.40694,-79.96472,5
1597,32.71571,-117.16472,15
1598,32.71571,-117.16472,15
1599,36.116203,-119.618564,3
1600,32.71571,-117.16472,15
1601,32.71571,-117.16472,15
1602,36.116203,-119.618564,3
1603,32.71571,-117.16472,15
1604,32.64005,-117.0842,15
1605,32.71571,-117.16472,15
1606,32.71571,-117.16472,15
1607,32.71571,-117.16472,15
1608,36.116203,-119.618564,3
1609,33.42227,-111.82264,25
1610,36.116203,-119.618564,3
1611,32.71571,-117.16472,15
1612,32.71571,-117.16472,15
1613,32.71571,-117.16472,15
1614,22.40694,-79.96472,5
1615,32.71571,-117.16472,15
1616,30.69436,-88.04305,29
1617,32.71571,-117.16472,15
1618,32.71571,-117.16472,15
1619,32.64005,-117.0842,15
1620,32.71571,-117.16472,15
1621,32.71571,-117.16472,15
1622,32.71571,-117.16472,15
1623,34.09834,-118.32674,15
1624,31.054487,-97.563461,0
1625,32.71571,-117.16472,15
1626,32.71571,-117.16472,15
1627,32.71571,-117.16472,15
1628,36.116203,-119.618564,3
1629,32.71571,-117.16472,15
1630,32.71571,-117.16472,15
1631,36.116203,-119.618564,3
1632,37.77493,-122.41942,3
1633,36.15398,-95.99277,8
1634,32.71571,-117.16472,15
1635,36.15398,-95.99277,8
1636,32.71571,-117.16472,15
1637,61.370716,-152.404419,9
1638,32.71571,-117.16472,15
1639,36.116203,-119.618564,3
1640,40.298904,-74.521011,6
1641,31.054487,-97.563461,0
1642,31.054487,-97.563461,0
1643,31.054487,-97.563461,0
1644,39.09973,-94.57857,8
1645,32.806671,-86.79113,29
1646,44.299782,-99.438828,14
1647,39.72943,-104.83192,19
1648,39.644554,-104.331706,19
1649,39.73915,-104.9847,19
1650,36.116203,-119.618564,3
1651,37.77493,-122.41942,3
1652,36.116203,-119.618564,3
1653,34.10834,-117.28977,15
1654,34.05223,-118.24368,15
1655,33.95335,-117.39616,15
1656,41.85003,-87.65005,13
1657,40.349457,-88.986137,13
1658,41.85003,-87.65005,13
1659,40.349457,-88.986137,13
1660,43.326618,-84.536095,13
1661,41.85003,-87.65005,13
1662,40.349457,-88.986137,13
1663,31.054487,-97.563461,0
1664,31.054487,-97.563461,0
1665,37.77493,-122.41942,3
1666,37.77493,-122.41942,3
1667,36.116203,-119.618564,3
1668,36.116203,-119.618564,3
1669,25.61058,-80.497099,5
1670,42.911532,-71.723055,24
1671,27.94752,-82.45843,5
1672,27.94752,-82.45843,5
1673,27.94752,-82.45843,5
1674,27.94752,-82.45843,5
1675,27.94752,-82.45843,5
1676,40.388783,-82.764915,2
1677,41.4995,-81.69541,2
1678,41.4995,-81.69541,2
1679,35.747845,-86.692345,11
1680,40.388783,-82.764915,2
1681,41.760392,-81.724217,2
1682,40.388783,-82.764915,2
1683,36.116203,-119.618564,3
1684,36.116203,-119.618564,3
1685,36.116203,-119.618564,3
1686,37.77493,-122.41942,3
1687,36.116203,-119.618564,3
1688,18.38078,-65.95739,17
1689,36.116203,-119.618564,3
1690,35.99403,-78.89862,2
1691,32.71571,-117.16472,15
1692,32.71571,-117.16472,15
1693,40.150032,-111.862434,28
1694,40.150032,-111.862434,28
1695,40.150032,-111.862434,28
1696,39.09973,-94.57857,8
1697,39.09973,-94.57857,8
1698,39.09973,-94.57857,8
1699,39.09973,-94.57857,8
1700,39.09973,-94.57857,8
1701,39.09973,-94.57857,8
1702,39.09973,-94.57857,8
1703,39.09973,-94.57857,8
1704,39.09973,-94.57857,8
1705,18.38078,-65.95739,17
1706,31.054487,-97.563461,0
1707,31.75872,-106.48693,25
1708,31.054487,-97.563461,0
1709,31.054487,-97.563461,0
1710,30.791242,-96.984395,0
1711,31.196731,-98.240889,0
1712,30.266456,-98.399217,0
1713,36.701721,-83.130112,2
1714,30.325091,-98.941851,0
1715,30.707584,-98.68469,0
1716,38.030933,-81.086051,2
1717,30.78963,-98.201187,0
1718,30.100772,-97.310639,0
1719,30.239513,-97.69127,0
1720,30.649082,-97.605065,0
1721,30.26715,-97.74306,0
1722,30.26715,-97.74306,0
1723,30.26715,-97.74306,0
1724,30.26715,-97.74306,0
1725,30.26715,-97.74306,0
1726,31.054487,-97.563461,0
1727,31.054487,-97.563461,0
1728,31.054487,-97.563461,0
1729,40.590752,-77.209755,6
1730,40.590752,-77.209755,6
1731,34.69804,-118.13674,15
1732,40.590752,-77.209755,6
1733,32.806671,-86.79113,29
1734,32.806671,-86.79113,29
1735,32.806671,-86.79113,29
1736,31.054487,-97.563461,0
1737,32.806671,-86.79113,29
1738,32.806671,-86.79113,29
1739,31.054487,-97.563461,0
1740,37.08339,-76.46965,6
1741,44.240459,-114.478828,28
1742,36.116203,-119.618564,3
1743,43.326618,-84.536095,13
1744,31.054487,-97.563461,0
1745,43.326618,-84.536095,13
1746,31.169546,-91.867805,29
1747,31.169546,-91.867805,29
1748,31.169546,-91.867805,29
1749,52.48142,-1.89983,4
1750,61.370716,-152.404419,9
1751,39.95233,-75.16379,6
1752,40.298904,-74.521011,6
1753,40.298904,-74.521011,6
1754,32.36681,-86.29997,29
1755,40.298904,-74.521011,6
1756,40.298904,-74.521011,6
1757,40.298904,-74.521011,6
1758,40.298904,-74.521011,6
1759,33.729759,-111.431221,25
1760,40.336887,-75.10706,6
1761,40.298904,-74.521011,6
1762,40.298904,-74.521011,6
1763,40.298904,-74.521011,6
1764,40.336887,-75.10706,6
1765,40.298904,-74.521011,6
1766,40.298904,-74.521011,6
1767,40.298904,-74.521011,6
1768,36.15398,-95.99277,8
1769,40.298904,-74.521011,6
1770,40.298904,-74.521011,6
1771,40.298904,-74.521011,6
1772,40.336887,-75.10706,6
1773,40.298904,-74.521011,6
1774,40.590752,-77.209755,6
1775,40.590752,-77.209755,6
1776,40.590752,-77.209755,6
1777,27.94752,-82.45843,5
1778,27.94752,-82.45843,5
1779,27.94752,-82.45843,5
1780,42.911532,-71.723055,24
1781,30.26715,-97.74306,0
1782,27.94752,-82.45843,5
1783,40.388783,-82.764915,2
1784,31.054487,-97.563461,0
1785,40.388783,-82.764915,2
1786,27.903108,-82.739519,5
1787,31.054487,-97.563461,0
1788,27.94752,-82.45843,5
1789,27.481682,-82.368767,5
1790,31.054487,-97.563461,0
1791,31.054487,-97.563461,0
1792,36.116203,-119.618564,3
1793,31.054487,-97.563461,0
1794,31.054487,-97.563461,0
1795,39.09973,-94.57857,8
1796,32.806671,-86.79113,29
1797,44.299782,-99.438828,14
1798,31.054487,-97.563461,0
1799,39.72943,-104.83192,19
1800,39.644554,-104.331706,19
1801,39.73915,-104.9847,19
1802,31.169546,-91.867805,29
1803,61.370716,-152.404419,9
1804,40.590752,-77.209755,6
1805,39.95233,-75.16379,6
1806,40.298904,-74.521011,6
1807,40.298904,-74.521011,6
1808,32.36681,-86.29997,29
1809,31.054487,-97.563461,0
1810,40.298904,-74.521011,6
1811,40.298904,-74.521011,6
1812,40.298904,-74.521011,6
1813,40.298904,-74.521011,6
1814,33.729759,-111.431221,25
1815,40.298904,-74.521011,6
1816,40.336887,-75.10706,6
1817,40.298904,-74.521011,6
1818,40.298904,-74.521011,6
1819,40.298904,-74.521011,6
1820,40.336887,-75.10706,6
1821,40.298904,-74.521011,6
1822,36.116203,-119.618564,3
1823,40.388783,-82.764915,2
1824,42.911532,-71.723055,24
1825,25.61058,-80.497099,5
1826,27.94752,-82.45843,5
1827,27.94752,-82.45843,5
1828,27.94752,-82.45843,5
1829,27.94752,-82.45843,5
1830,27.94752,-82.45843,5
1831,27.94752,-82.45843,5
1832,27.94752,-82.45843,5
1833,27.94752,-82.45843,5
1834,42.911532,-71.723055,24
1835,36.116203,-119.618564,3
1836,31.054487,-97.563461,0
1837,31.054487,-97.563461,0
1838,27.94752,-82.45843,5
1839,27.94752,-82.45843,5
1840,36.116203,-119.618564,3
1841,31.75872,-106.48693,25
1842,31.054487,-97.563461,0
1843,31.054487,-97.563461,0
1844,27.481682,-82.368767,5
1845,33.95335,-117.39616,15
1846,33.44838,-112.07404,25
1847,34.969704,-92.373123,11
1848,27.903108,-82.739519,5
1849,25.8576,-80.27811,5
1850,31.054487,-97.563461,0
1851,25.61058,-80.497099,5
1852,25.77427,-80.19366,5
1853,25.8576,-80.27811,5
1854,26.12231,-80.14338,5
1855,25.77427,-80.19366,5
1856,29.76328,-95.36327,0
1857,-36.8,174.75,12
1858,33.87529,-117.56644,15
1859,25.61058,-80.497099,5
1860,25.77427,-80.19366,5
1861,25.77427,-80.19366,5
1862,25.77427,-80.19366,5
1863,25.77427,-80.19366,5
1864,25.77427,-80.19366,5
1865,25.77427,-80.19366,5
1866,25.77427,-80.19366,5
1867,25.77427,-80.19366,5
1868,25.77427,-80.19366,5
1869,25.77427,-80.19366,5
1870,25.77427,-80.19366,5
1871,25.77427,-80.19366,5
1872,25.77427,-80.19366,5
1873,25.77427,-80.19366,5
1874,25.77427,-80.19366,5
1875,30.58333,114.26667,23
1876,25.77427,-80.19366,5
1877,31.22222,121.45806,23
1878,30.58333,114.26667,23
1879,25.77427,-80.19366,5
1880,25.77427,-80.19366,5
1881,25.77427,-80.19366,5
1882,25.77427,-80.19366,5
1883,39.063946,-76.802101,6
1884,38.829288,-76.84818,6
1885,39.063946,-76.802101,6
1886,36.731963,-80.727831,2
1887,39.063946,-76.802101,6
1888,39.063946,-76.802101,6
1889,39.063946,-76.802101,6
1890,39.063946,-76.802101,6
1891,39.063946,-76.802101,6
1892,39.063946,-76.802101,6
1893,39.063946,-76.802101,6
1894,39.063946,-76.802101,6
1895,31.054487,-97.563461,0
1896,39.063946,-76.802101,6
1897,33.729759,-111.431221,25
1898,40.298904,-74.521011,6
1899,51.75222,-1.25596,4
1900,38.456085,-92.288368,8
1901,39.09973,-94.57857,8
1902,38.456085,-92.288368,8
1903,41.85003,-87.65005,13
1904,38.456085,-92.288368,8
1905,38.456085,-92.288368,8
1906,39.09973,-94.57857,8
1907,32.806671,-86.79113,29
1908,44.299782,-99.438828,14
1909,38.456085,-92.288368,8
1910,38.472853,-77.015427,6
1911,38.456085,-92.288368,8
1912,27.94752,-82.45843,5
1913,27.94752,-82.45843,5
1914,38.456085,-92.288368,8
1915,31.054487,-97.563461,0
1916,41.85003,-87.65005,13
1917,40.349457,-88.986137,13
1918,36.116203,-119.618564,3
1919,36.116203,-119.618564,3
1920,33.95335,-117.39616,15
1921,36.116203,-119.618564,3
1922,34.10834,-117.28977,15
1923,34.05223,-118.24368,15
1924,33.95335,-117.39616,15
1925,37.77493,-122.41942,3
1926,36.116203,-119.618564,3
1927,41.85003,-87.65005,13
1928,40.349457,-88.986137,13
1929,41.85003,-87.65005,13
1930,40.349457,-88.986137,13
1931,40.349457,-88.986137,13
1932,36.116203,-119.618564,3
1933,43.326618,-84.536095,13
1934,41.85003,-87.65005,13
1935,40.349457,-88.986137,13
1936,31.054487,-97.563461,0
1937,36.116203,-119.618564,3
1938,37.77493,-122.41942,3
1939,37.77493,-122.41942,3
1940,36.116203,-119.618564,3
1941,36.116203,-119.618564,3
1942,42.911532,-71.723055,24
1943,25.61058,-80.497099,5
1944,27.94752,-82.45843,5
1945,27.94752,-82.45843,5
1946,27.94752,-82.45843,5
1947,31.054487,-97.563461,0
1948,31.054487,-97.563461,0
1949,41.4995,-81.69541,2
1950,41.4995,-81.69541,2
1951,40.388783,-82.764915,2
1952,40.388783,-82.764915,2
1953,36.116203,-119.618564,3
1954,40.388783,-82.764915,2
1955,41.4995,-81.69541,2
1956,40.388783,-82.764915,2
1957,33.729759,-111.431221,25
1958,36.116203,-119.618564,3
1959,36.116203,-119.618564,3
1960,36.116203,-119.618564,3
1961,37.77493,-122.41942,3
1962,36.116203,-119.618564,3
1963,37.9577,-121.29078,3
1964,18.38078,-65.95739,17
1965,36.116203,-119.618564,3
1966,35.99403,-78.89862,2
1967,32.71571,-117.16472,15
1968,40.150032,-111.862434,28
1969,40.150032,-111.862434,28
1970,40.150032,-111.862434,28
1971,39.09973,-94.57857,8
1972,39.09973,-94.57857,8
1973,39.09973,-94.57857,8
1974,39.09973,-94.57857,8
1975,39.09973,-94.57857,8
1976,39.09973,-94.57857,8
1977,39.09973,-94.57857,8
1978,39.09973,-94.57857,8
1979,18.38078,-65.95739,17
1980,30.239513,-97.69127,0
1981,31.054487,-97.563461,0
1982,31.054487,-97.563461,0
1983,30.791242,-96.984395,0
1984,31.196731,-98.240889,0
1985,30.266456,-98.399217,0
1986,36.701721,-83.130112,2
1987,30.325091,-98.941851,0
1988,30.707584,-98.68469,0
1989,38.030933,-81.086051,2
1990,30.78963,-98.201187,0
1991,30.100772,-97.310639,0
1992,30.239513,-97.69127,0
1993,30.649082,-97.605065,0
1994,30.26715,-97.74306,0
1995,30.26715,-97.74306,0
1996,30.26715,-97.74306,0
1997,30.26715,-97.74306,0
1998,31.75872,-106.48693,25
1999,31.054487,-97.563461,0
2000,30.26715,-97.74306,0
2001,31.054487,-97.563461,0
2002,31.054487,-97.563461,0
2003,40.590752,-77.209755,6
2004,40.590752,-77.209755,6
2005,34.69804,-118.13674,15
2006,32.806671,-86.79113,29
2007,36.116203,-119.618564,3
2008,32.806671,-86.79113,29
2009,32.806671,-86.79113,29
2010,31.054487,-97.563461,0
2011,32.806671,-86.79113,29
2012,18.38078,-65.95739,17
2013,37.08339,-76.46965,6
2014,31.054487,-97.563461,0
2015,44.240459,-114.478828,28
2016,36.116203,-119.618564,3
2017,43.326618,-84.536095,13
2018,31.169546,-91.867805,29
2019,31.169546,-91.867805,29
2020,31.169546,-91.867805,29
2021,31.054487,-97.563461,0
2022,35.14953,-90.04898,11
2023,35.747845,-86.692345,11
2024,36.116203,-119.618564,3
2025,34.969704,-92.373123,11
2026,43.456731,-78.792142,6
2027,43.456731,-78.792142,6
2028,44.299782,-99.438828,14
2029,44.299782,-99.438828,14
2030,44.299782,-99.438828,14
2031,42.011539,-93.210526,8
2032,44.299782,-99.438828,14
2033,44.299782,-99.438828,14
2034,44.299782,-99.438828,14
2035,44.299782,-99.438828,14
2036,40.71427,-74.00597,6
2037,57.14369,-2.09814,4
2038,40.388783,-82.764915,2
2039,47.528912,-99.784012,14
2040,47.528912,-99.784012,14
2041,38.456085,-92.288368,8
2042,38.456085,-92.288368,8
2043,33.95335,-117.39616,15
2044,33.95335,-117.39616,15
2045,33.95335,-117.39616,15
2046,34.10834,-117.28977,15
2047,33.95335,-117.39616,15
2048,34.10834,-117.28977,15
2049,33.95335,-117.39616,15
2050,33.95335,-117.39616,15
2051,34.10834,-117.28977,15
2052,34.10834,-117.28977,15
2053,34.10834,-117.28977,15
2054,33.95335,-117.39616,15
2055,32.73569,-97.10807,0
2056,32.73569,-97.10807,0
2057,33.95335,-117.39616,15
2058,33.95335,-117.39616,15
2059,33.95335,-117.39616,15
2060,33.95335,-117.39616,15
2061,36.116203,-119.618564,3
2062,33.95335,-117.39616,15
2063,33.95335,-117.39616,15
2064,33.95335,-117.39616,15
2065,33.95335,-117.39616,15
2066,33.95335,-117.39616,15
2067,33.95335,-117.39616,15
2068,33.95335,-117.39616,15
2069,33.95335,-117.39616,15
2070,33.95335,-117.39616,15
2071,33.95335,-117.39616,15
2072,33.95335,-117.39616,15
2073,42.35843,-71.05977,24
2074,32.71571,-117.16472,15
2075,32.71571,-117.16472,15
2076,36.116203,-119.618564,3
2077,31.054487,-97.563461,0
2078,31.054487,-97.563461,0
2079,31.054487,-97.563461,0
2080,32.71571,-117.16472,15
2081,30.26715,-97.74306,0
2082,39.063946,-76.802101,6
2083,30.26715,-97.74306,0
2084,31.054487,-97.563461,0
2085,36.116203,-119.618564,3
2086,45.694454,-93.900192,22
2087,31.054487,-97.563461,0
2088,32.71571,-117.16472,15
2089,32.71571,-117.16472,15
2090,36.116203,-119.618564,3
2091,36.116203,-119.618564,3
2092,42.35843,-71.05977,24
2093,42.35843,-71.05977,24
2094,42.35843,-71.05977,24
2095,42.35843,-71.05977,24
2096,42.35843,-71.05977,24
2097,42.35843,-71.05977,24
2098,42.35843,-71.05977,24
2099,42.35843,-71.05977,24
2100,42.35843,-71.05977,24
2101,42.35843,-71.05977,24
2102,42.35843,-71.05977,24
2103,42.35843,-71.05977,24
2104,42.35843,-71.05977,24
2105,42.35843,-71.05977,24
2106,42.35843,-71.05977,24
2107,31.054487,-97.563461,0
2108,31.054487,-97.563461,0
2109,42.35843,-71.05977,24
2110,42.35843,-71.05977,24
2111,42.35843,-71.05977,24
2112,42.35843,-71.05977,24
2113,42.35843,-71.05977,24
2114,42.35843,-71.05977,24
2115,42.35843,-71.05977,24
2116,42.35843,-71.05977,24
2117,42.35843,-71.05977,24
2118,42.35843,-71.05977,24
2119,42.35843,-71.05977,24
2120,42.35843,-71.05977,24
2121,42.35843,-71.05977,24
2122,42.35843,-71.05977,24
2123,38.456085,-92.288368,8
2124,38.456085,-92.288368,8
2125,37.21533,-93.29824,8
